{"cameraMode":{"drawMode":0,"name":"Shaded","section":"Shading Mode"},"sceneLighting":true,"audioPlay":false,"sceneViewState":{"showFog":true,"showMaterialUpdate":true,"showSkybox":true,"showFlares":true,"showImageEffects":true,"showParticleSystems":true},"in2DMode":false,"pivot":{"x":1.502151608467102,"y":-1.4609451293945313,"z":-16.192899703979493},"rotation":{"x":-0.4910222589969635,"y":-0.011232099495828152,"z":0.0063455430790781979,"w":-0.871051549911499},"size":42.74931716918945,"orthographic":false}